{
  "x": [
    0.0,
    0.01,
    0.02,
    0.03,
    0.04,
    0.05,
    0.06,
    0.07,
    0.08,
    0.09,
    0.1,
    0.11,
    0.12,
    0.13,
    0.14,
    0.15,
    0.16,
    0.17,
    0.18,
    0.19,
    0.2,
    0.21,
    0.22,
    0.23,
    0.24,
    0.25,
    0.26,
    0.27,
    0.28,
    0.29,
    0.3,
    0.31,
    0.32,
    0.33,
    0.34,
    0.35000000000000003,
    0.36,
    0.37,
    0.38,
    0.39,
    0.4,
    0.41000000000000003,
    0.42,
    0.43,
    0.44,
    0.45,
    0.46,
    0.47000000000000003,
    0.48,
    0.49,
    0.5,
    0.51,
    0.52,
    0.53,
    0.54,
    0.55,
    0.56,
    0.5700000000000001,
    0.58,
    0.59,
    0.6,
    0.61,
    0.62,
    0.63,
    0.64,
    0.65,
    0.66,
    0.67,
    0.68,
    0.6900000000000001,
    0.7000000000000001,
    0.71,
    0.72,
    0.73,
    0.74,
    0.75,
    0.76,
    0.77,
    0.78,
    0.79,
    0.8,
    0.81,
    0.8200000000000001,
    0.8300000000000001,
    0.84,
    0.85,
    0.86,
    0.87,
    0.88,
    0.89,
    0.9,
    0.91,
    0.92,
    0.93,
    0.9400000000000001,
    0.9500000000000001,
    0.96,
    0.97,
    0.98,
    0.99,
    1.0
  ],
  "u": [
    0.0,
    0.019176980970491298,
    0.03833505143519281,
    0.05745526011887931,
    0.07651881195562396,
    0.09550678957502005,
    0.11440058772239386,
    0.13318139731709375,
    0.15183087669194364,
    0.1703303988617325,
    0.1886619586320671,
    0.20680718405399834,
    0.2247484781059341,
    0.24246779567092652,
    0.2599480181233571,
    0.2771714975551471,
    0.2941216621953634,
    0.3107813300364185,
    0.3271345425739031,
    0.34316465044907596,
    0.3588563725130441,
    0.37419365661221543,
    0.38916196045106466,
    0.40374589120667437,
    0.41793170408420527,
    0.4317047250582607,
    0.44505206238219797,
    0.45795981741992864,
    0.47041600368274683,
    0.4824075514363764,
    0.4939234280965382,
    0.5049514430724831,
    0.5154815625557422,
    0.525502521891728,
    0.5350053269469319,
    0.5439796821818353,
    0.5524176698834639,
    0.5603100030419061,
    0.5676498727921769,
    0.5744290361678019,
    0.580641821114324,
    0.5862810602000227,
    0.5913422415504257,
    0.595819300630282,
    0.5997089044127507,
    0.6030061143989124,
    0.6057087902868276,
    0.6078131384545801,
    0.6093182203442497,
    0.6102214016900149,
    0.6105229497924834,
    0.6102213998119973,
    0.6093182240928761,
    0.6078131328501329,
    0.6057087977249859,
    0.6030061051563863,
    0.5997089154231822,
    0.5958192878953817,
    0.5913422559595538,
    0.5862810441735127,
    0.5806418386949882,
    0.574429017102344,
    0.5676498932672094,
    0.5603099812380812,
    0.5524176929300554,
    0.5439796579834085,
    0.5350053522017169,
    0.5255024956802331,
    0.5154815896205227,
    0.5049514152612112,
    0.49392345654455944,
    0.4824075224638635,
    0.4704160330654218,
    0.4579597877430429,
    0.4450520922361792,
    0.43170469514500104,
    0.41793173393868954,
    0.40374586152879066,
    0.389161989835217,
    0.37419362763776914,
    0.3588564009634241,
    0.3431646226350569,
    0.32713456964177584,
    0.31078130382153507,
    0.29412168745377953,
    0.2771714733529033,
    0.25994804117389086,
    0.2424677738630961,
    0.22474849858497212,
    0.206807164984598,
    0.18866197621654845,
    0.17033038283159083,
    0.15183089110446074,
    0.13318138457910114,
    0.11440059873557287,
    0.095506780330135,
    0.07651881939571586,
    0.057455254512954704,
    0.038335055184817404,
    0.019176979091970688,
    0.0
  ],
  "shape": [
    101
  ]
}