{
  "timestamp": 1774011540.5448596,
  "selected_algorithm": "fdm",
  "metrics": {
    "accuracy": 0.9953771445610257,
    "convergence": 1.0,
    "time_efficiency": 0.9727144999997108,
    "resource_efficiency": 0.9987992857142857,
    "robustness": 1.0,
    "total": 0.992915900511107
  },
  "pass_fail": {
    "accuracy_ok": true,
    "time_ok": true,
    "resource_ok": true
  },
  "notes": [],
  "context": {
    "estimated_error": 0.0002311427719487173,
    "error_target": 0.05,
    "elapsed_s": 0.027285500000289176,
    "time_target_s": 1.0,
    "resource_proxy": 0.0008405,
    "resource_budget": 0.7
  }
}