{
  "timestamp": 1773742724.540432,
  "selected_algorithm": "fdm",
  "metrics": {
    "accuracy": 0.9809055801811579,
    "convergence": 0.0,
    "time_efficiency": 0.37168749998818384,
    "resource_efficiency": 0.999798,
    "robustness": 1.0,
    "total": 0.6685687740519841
  },
  "pass_fail": {
    "accuracy_ok": true,
    "time_ok": true,
    "resource_ok": true
  },
  "notes": [],
  "context": {
    "estimated_error": 0.00019094419818842085,
    "error_target": 0.01,
    "elapsed_s": 0.12566250000236323,
    "time_target_s": 0.2,
    "resource_proxy": 0.000101,
    "resource_budget": 0.5
  }
}