{
  "timestamp": 1774010627.884208,
  "selected_algorithm": "fdm",
  "metrics": {
    "accuracy": 0.9953771445610257,
    "convergence": 1.0,
    "time_efficiency": 0.9731867000009515,
    "resource_efficiency": 0.9987992857142857,
    "robustness": 1.0,
    "total": 0.9930103405113552
  },
  "pass_fail": {
    "accuracy_ok": true,
    "time_ok": true,
    "resource_ok": true
  },
  "notes": [],
  "context": {
    "estimated_error": 0.0002311427719487173,
    "error_target": 0.05,
    "elapsed_s": 0.026813299999048468,
    "time_target_s": 1.0,
    "resource_proxy": 0.0008405,
    "resource_budget": 0.7
  }
}