{
  "timestamp": 1774015347.0391512,
  "selected_algorithm": "fdm",
  "metrics": {
    "accuracy": 0.9809025131460828,
    "convergence": 0.0,
    "time_efficiency": 0.9774917399990954,
    "resource_efficiency": 0.9998571428571429,
    "robustness": 1.0,
    "total": 0.7897405305150725
  },
  "pass_fail": {
    "accuracy_ok": true,
    "time_ok": true,
    "resource_ok": true
  },
  "notes": [],
  "context": {
    "estimated_error": 0.00019097486853917242,
    "error_target": 0.01,
    "elapsed_s": 0.11254130000452278,
    "time_target_s": 5.0,
    "resource_proxy": 0.0001,
    "resource_budget": 0.7
  }
}