{
  "timestamp": 1773739934.6508076,
  "selected_algorithm": "fdm",
  "metrics": {
    "accuracy": 0.9768857228051283,
    "convergence": 1.0,
    "time_efficiency": 0.9697582000007969,
    "resource_efficiency": 0.9987992857142857,
    "robustness": 1.0,
    "total": 0.9867772139845551
  },
  "pass_fail": {
    "accuracy_ok": true,
    "time_ok": true,
    "resource_ok": true
  },
  "notes": [],
  "context": {
    "estimated_error": 0.0002311427719487173,
    "error_target": 0.01,
    "elapsed_s": 0.030241799999203067,
    "time_target_s": 1.0,
    "resource_proxy": 0.0008405,
    "resource_budget": 0.7
  }
}